domain,file,class,package
agent,agent/AgentBuilder.java,AgentBuilder,tech.kayys.wayang.agent.core.agent
agent,agent/AgentCheckpointManager.java,AgentCheckpointManager,tech.kayys.wayang.agent.core.agent
agent,agent/AgentClient.java,AgentClient,tech.kayys.wayang.agent.core.agent
agent,agent/AgentConfig.java,AgentConfig,tech.kayys.wayang.agent.core.agent
agent,agent/AgentHealthCheck.java,AgentHealthCheck,tech.kayys.wayang.agent.core.agent
agent,agent/AgenticInferenceService.java,AgenticInferenceService,tech.kayys.wayang.agent.core.agent
agent,agent/GollekAgentClient.java,GollekAgentClient,tech.kayys.wayang.agent.core.agent
agent,agent/ProviderAwareInference.java,ProviderAwareInference,tech.kayys.wayang.agent.core.agent
agent,agent/StatefulAgentExecutor.java,StatefulAgentExecutor,tech.kayys.wayang.agent.core.agent
agent,agent/ToolEnabledAgentExecutor.java,ToolEnabledAgentExecutor,tech.kayys.wayang.agent.core.agent
audit,audit/AgentArtifact.java,AgentArtifact,tech.kayys.wayang.agent.core.audit
audit,audit/AgentAuditService.java,AgentAuditService,tech.kayys.wayang.agent.core.audit
coordination,coordination/AgentMessage.java,AgentMessage,tech.kayys.wayang.agent.core.coordination
coordination,coordination/MultiAgentCoordinator.java,MultiAgentCoordinator,tech.kayys.wayang.agent.core.coordination
coordination,coordination/ResultAggregator.java,ResultAggregator,tech.kayys.wayang.agent.core.coordination
gamelan,gamelan/AgentGamelanService.java,AgentGamelanService,tech.kayys.wayang.agent.core.gamelan
gamelan,gamelan/WorkflowMetrics.java,WorkflowMetrics,tech.kayys.wayang.agent.core.gamelan
gamelan,gamelan/WorkflowQueryCriteria.java,WorkflowQueryCriteria,tech.kayys.wayang.agent.core.gamelan
gamelan,gamelan/graph/WorkflowExecutionStatistics.java,WorkflowExecutionStatistics,tech.kayys.wayang.agent.core.gamelan.graph
gamelan,gamelan/graph/WorkflowGraphService.java,WorkflowGraphService,tech.kayys.wayang.agent.core.gamelan.graph
gamelan,gamelan/graph/WorkflowStepDefinition.java,WorkflowStepDefinition,tech.kayys.wayang.agent.core.gamelan.graph
inference,inference/AgentInferenceRequest.java,AgentInferenceRequest,tech.kayys.wayang.agent.core.inference
inference,inference/AgentInferenceResponse.java,AgentInferenceResponse,tech.kayys.wayang.agent.core.inference
inference,inference/EmbeddingService.java,EmbeddingService,tech.kayys.wayang.agent.core.inference
inference,inference/GollekInferenceService.java,GollekInferenceService,tech.kayys.wayang.agent.core.inference
inference,inference/GollekSdkProducer.java,GollekSdkProducer,tech.kayys.wayang.agent.core.inference
interaction,interaction/AgentHitlService.java,AgentHitlService,tech.kayys.wayang.agent.core.interaction
memory,memory/AgentMemory.java,AgentMemory,tech.kayys.wayang.agent.core.memory
memory,memory/AgentMemoryManager.java,AgentMemoryManager,tech.kayys.wayang.agent.core.memory
memory,memory/AgentMemoryService.java,AgentMemoryService,tech.kayys.wayang.agent.core.memory
memory,memory/DefaultAgentMemoryManager.java,DefaultAgentMemoryManager,tech.kayys.wayang.agent.core.memory
observability,observability/AgentAuditLogger.java,AgentAuditLogger,tech.kayys.wayang.agent.core.observability
observability,observability/AgentTelemetry.java,AgentTelemetry,tech.kayys.wayang.agent.core.observability
orchestration,orchestration/AgentConfig.java,AgentConfig,tech.kayys.wayang.agent.core.orchestration
orchestration,orchestration/ConversationMemory.java,ConversationMemory,tech.kayys.wayang.agent.core.orchestration
orchestration,orchestration/NativeToolCallingOrchestrator.java,NativeToolCallingOrchestrator,tech.kayys.wayang.agent.core.orchestration
orchestration,orchestration/ReActOrchestrator.java,ReActOrchestrator,tech.kayys.wayang.agent.core.orchestration
orchestration,orchestration/ReflexionOrchestrator.java,ReflexionOrchestrator,tech.kayys.wayang.agent.core.orchestration
orchestration,orchestration/ToolCallExecutor.java,ToolCallExecutor,tech.kayys.wayang.agent.core.orchestration
orchestration,orchestration/ToolCallingAgentLoop.java,ToolCallingAgentLoop,tech.kayys.wayang.agent.core.orchestration
orchestration,orchestration/ToolMetrics.java,ToolMetrics,tech.kayys.wayang.agent.core.orchestration
prompt,prompt/AgentPromptService.java,AgentPromptService,tech.kayys.wayang.agent.core.prompt
registry,registry/AdaptiveStrategySelector.java,AdaptiveStrategySelector,tech.kayys.wayang.agent.core.registry
registry,registry/AgentMetricsCollector.java,AgentMetricsCollector,tech.kayys.wayang.agent.core.registry
registry,registry/AgentProviderRegistry.java,AgentProviderRegistry,tech.kayys.wayang.agent.core.registry
resilience,resilience/AgentResilience.java,AgentResilience,tech.kayys.wayang.agent.core.resilience
resilience,resilience/FailureRecoveryStrategy.java,FailureRecoveryStrategy,tech.kayys.wayang.agent.core.resilience
security,security/AgentSecurityEnforcer.java,AgentSecurityEnforcer,tech.kayys.wayang.agent.core.security
security,security/InputSanitizer.java,InputSanitizer,tech.kayys.wayang.agent.core.security
security,security/RateLimiter.java,RateLimiter,tech.kayys.wayang.agent.core.security
skills,skills/adapter/SkillAsToolAdapter.java,SkillAsToolAdapter,tech.kayys.wayang.agent.core.skills.adapter
skills,skills/builtin/CodeExecutionSkill.java,CodeExecutionSkill,tech.kayys.wayang.agent.core.skills.builtin
skills,skills/builtin/EmbeddingSkill.java,EmbeddingSkill,tech.kayys.wayang.agent.core.skills.builtin
skills,skills/builtin/HttpCallSkill.java,HttpCallSkill,tech.kayys.wayang.agent.core.skills.builtin
skills,skills/builtin/InferenceSkill.java,InferenceSkill,tech.kayys.wayang.agent.core.skills.builtin
skills,skills/builtin/RAGSkill.java,RAGSkill,tech.kayys.wayang.agent.core.skills.builtin
skills,skills/builtin/SummarizationSkill.java,SummarizationSkill,tech.kayys.wayang.agent.core.skills.builtin
skills,skills/loader/SkillExecutor.java,SkillExecutor,tech.kayys.wayang.agent.core.skills.loader
skills,skills/loader/SkillParameterValidator.java,SkillParameterValidator,tech.kayys.wayang.agent.core.skills.loader
skills,skills/loader/SkillsLoader.java,SkillsLoader,tech.kayys.wayang.agent.core.skills.loader
tool,tool/ToolRegistry.java,ToolRegistry,tech.kayys.wayang.agent.core.tool
tools,tools/AgentToolService.java,AgentToolService,tech.kayys.wayang.agent.core.tools
tools,tools/HeuristicToolSelector.java,HeuristicToolSelector,tech.kayys.wayang.agent.core.tools
tools,tools/IntelligentToolSelector.java,IntelligentToolSelector,tech.kayys.wayang.agent.core.tools
tools,tools/LLMToolSelector.java,LLMToolSelector,tech.kayys.wayang.agent.core.tools
tools,tools/ProgressiveTool.java,ProgressiveTool,tech.kayys.wayang.agent.core.tools
tools,tools/ThinkTool.java,ThinkTool,tech.kayys.wayang.agent.core.tools
tools,tools/ToolCacheManager.java,ToolCacheManager,tech.kayys.wayang.agent.core.tools
tools,tools/ToolSelector.java,ToolSelector,tech.kayys.wayang.agent.core.tools
